{
  "base_params": {
    "N": 100,
    "M": 10,
    "K": 1.2,
    "omega_std": 0.5,
    "sigma": 0.2,
    "topology": "modular",
    "K_intra": 1.0,
    "K_inter": 0.15,
    "p_sparse": 0.03,
    "T": 60.0,
    "dt": 0.005,
    "seed": 0,
    "r_threshold": 0.75,
    "epsilon": 1.57,
    "dwell_time": 0.05,
    "r_avg_start": 0.25
  },
  "sweep": {
    "M": [
      3,
      4,
      5,
      6,
      7,
      8,
      9,
      10
    ],
    "tau_mean": [
      9.163000000000002,
      11.346333333333332,
      11.606666666666666,
      10.803666666666667,
      14.475000000000003,
      10.216071428571427,
      13.399666666666667,
      11.552333333333333
    ],
    "tau_std": [
      3.0944669977235177,
      5.774262858197187,
      4.220679513485424,
      5.005714223653693,
      12.326845230363418,
      3.303682025175756,
      8.286667699114979,
      5.297259626972758
    ],
    "tau_n": [
      15,
      15,
      15,
      15,
      15,
      14,
      15,
      15
    ],
    "r_mean": [
      0.8367023971090876,
      0.838843923828207,
      0.8409838290595671,
      0.8378193172013276,
      0.8451774099460105,
      0.8451765114602062,
      0.844219964980434,
      0.8449897962090439
    ],
    "domega_mean": [
      0.4962312019449709,
      0.4962312019449709,
      0.4962312019449709,
      0.4962312019449709,
      0.4962312019449709,
      0.4962312019449709,
      0.4962312019449709,
      0.4962312019449709
    ]
  },
  "fit": {
    "alpha_hat": 0.13258839607052858,
    "r2": 0.22434234233065398,
    "n": 8,
    "intercept": 1.579695736793587
  }
}