{
  "base_params": {
    "N": 100,
    "M": 10,
    "K": 1.5,
    "omega_std": 0.3,
    "sigma": 0.1,
    "topology": "modular",
    "K_intra": 1.0,
    "K_inter": 0.15,
    "p_sparse": 0.03,
    "T": 30.0,
    "dt": 0.005,
    "seed": 0,
    "r_threshold": 0.7,
    "epsilon": 1.57,
    "dwell_time": 0.03,
    "r_avg_start": 0.25
  },
  "sweep": {
    "M": [
      3,
      4,
      5,
      6,
      7,
      8,
      9,
      10,
      11,
      12
    ],
    "tau_mean": [
      3.6605000000000003,
      4.187500000000001,
      4.2284999999999995,
      4.779999999999999,
      4.257,
      4.525,
      4.932,
      4.502999999999999,
      NaN,
      4.551
    ],
    "tau_std": [
      0.6063103578201515,
      0.878806719364389,
      0.8435106697606143,
      0.7342547241931783,
      0.7640196332555859,
      0.8847881102275279,
      0.6828586969498155,
      0.7115974985903197,
      NaN,
      1.1176153184347466
    ],
    "tau_n": [
      10,
      10,
      10,
      10,
      10,
      10,
      10,
      10,
      0,
      10
    ],
    "r_mean": [
      0.9756186188186755,
      0.9758899864257338,
      0.9768976641857987,
      0.9762665392913699,
      0.977204238015811,
      0.9770375766804298,
      0.9770263303663184,
      0.9774625622835249,
      0.9774625622835249,
      0.9770770707602209
    ],
    "domega_mean": [
      0.29412755206240015,
      0.29412755206240015,
      0.29412755206240015,
      0.29412755206240015,
      0.29412755206240015,
      0.29412755206240015,
      0.29412755206240015,
      0.29412755206240015,
      0.29412755206240015,
      0.29412755206240015
    ]
  },
  "fit": {
    "alpha_hat": 0.6523113260352921,
    "r2": 0.46085342620130265,
    "n": 9,
    "intercept": 0.12765017573045534
  }
}